SHARAD MALIK,Instuction,1
GREGORY R. ANDREWS,Concepts,1
OMRI SERLIN,Tpc,1
AHMED K. ELMAGARMID,Techniques,1
DOLORES CUANDRA,Constraints,1
ALEXANDRU MATEESCU,Cernys',1
ROBERTO ZICARI,An,1
EGON B√∂RGER,The,1
PATRICK BORRAS,Looks,1
CRAIG STANFILL,Algorithms,1
JAN L. G. DIETZ,"Communication,",1
HEIKO THIMM,Database,1
JAMES C. LESTER,Agents,1
JUAN DE LARA,Using,1
VIBBY GOTTEMUKKALA,Performance,1
DOMENICO SACC√†,Physical,1
MARC VAN LEEUWEN,Tale,1
HARTMUT EHRIG,Software,1
VINEETH KUMAR PALERI,Automatic,1
ANTONIO NAVARRO,Educational,1
WITOLD STANISZKIS,Base,1
WALTER DEALEMANS,Shallow,1
G. GONZ√°LEZ,Tools,1
KENJI MASE,Daily,1
HOCK CHUAN CHAN,Experiments,1
R. CONEJO,Rhythm,1
ALAN WATT,Rendering,1
MICHAEL J. FRANKLIN,Concurrency,1
P. A. MASSEY,Applications,1
TOM√°S A. P√©REZ,Element,1
F. J. GONZ√°LEZ,Training,1
JAKUB ZAVREL,Memory-based,1
PIERO FRATERNALI,Rule,1
CAROL SODERLUND,Rice,1
CLAUDE DELOBEL,O2,1
JAKUB ZAVREL,Classification,1
PADHRAIC SMYTH,Rule,1
ALFREDO FERN√°NDEZ-VALMAYOR,Development,1
BERND MAHR,Software,1
SANDEEPAN BANERJEE,Extensibility,1
EHUD Y. SHAPIRO,Logic,1
F. J. BLANCO,Engineering,1
SHARAD MALIK,Very,1
RAVI MUKKAMALA,Concurrency,1
WITOLD STANISZKIS,Codasyl,1
JAKUB ZAVREL,Information,1
VANCE E. WADDLE,Design,1
M. LACRUZ,Learning,1
ARTO SALOMAA,Many-valued,1
DAVID J. DEWITT,Workstation-server,1
SUSHIL JAJODIA,Reduction,1
KIM B. BRUCE,Language,1
ANTONIO DI LEVA,Relational,1
VALERIA MIHALACHE,Watson-crick,1
DAVID SCOTT WARREN,Database,1
HELMUT THOMA,Und,1
PAUL TARAU,Logic,1
SILVIA CLERICI,Approach,1
S. TODD,Prolog,1
WOLFGANG THOMAS,Objects,1
ARTO SALOMAA,"Conjecture,",1
OSCAR D√≠AZ,Support,1
HEIKO THIMM,Management,1
DAVID MAIER,Enough,1
CARLO ZANIOLO,Data,1
RAVI MURTHY,All,1
SYLVIA L. OSBORN,Design,1
B. CURTO,Software,1
ROBIN MILNER,Processes,1
FABIO CIRAVEGNA,Human-centred,1
JOS√© √ÅNGEL VADILLO ZORITA,Systems,1
RUDOLF KRUSE,Representation,1
G. GONZ√°LEZ,Software,1
VIBBY GOTTEMUKKALA,System,1
MATTEO PAMPOLINI,Home,1
ABDELSALAM HELAL,Techniques,1
DANIELA PETRELLI,Adaptive,1
PHILIPPE FUTTERSACK,Three,1
JAN L. G. DIETZ,Organization,1
CAROL SODERLUND,Sequence,1
TEODOR C. PRZYMUSINSKI,Semantics,1
FRANCISCO JOS√© GARC√≠A,Tools,1
CRAIG STANFILL,Retrieval,1
A. M. MORENO,Software,1
A. GONZ√°LEZ,Strategies,1
HENK BARENDREGT,Functional,1
MIRA BALABAN,Constraints,1
S. TODD,Database,1
HELEN PULL,The,1
ANDREA OMICINI,"Technologies,",1
JEAN-CLAUDE MAMOU,User,1
MART√≠N LLAMAS NISTAL,Scenarios,1
GAIL E. KAISER,Cooperative,1
CRESCENCIO BRAVO,Synchronous,1
KIM MARRIOTT,Revisited,1
JEFF RICKEL,Exploratory,1
WILLIAM L. BYNUM,Run,1
JUAN DE LARA,Virtual,1
JAMES HATFIELD,Mapping,1
HENDRIK PIETER BARENDREGT,Functional,1
MANUEL ALFONSECA,Education,1
TOM√°S A. P√©REZ,Hypermedia,2
VALERIA MIHALACHE,Systems,1
STEFANO PARABOSCHI,Chimera:,1
DEAN ROSENZWEIG,Compiler,1
JAMES C. LESTER,Synthesis,1
WILLIAM L. BYNUM,Memory,1
MECHTHILD ROHEN,Logic,1
CLAUDE DELOBEL,Language,1
JOHN LIM,Review,1
JOS√© LUIS SIERRA,Educational,1
FABIO CIRAVEGNA,Document,1
F. J. GONZ√°LEZ,Rhythm,1
R. CONEJO,Sound,1
Q. WU,Pattern-classification,1
CARLOS NIETO,Cardinality,1
LUIS E. ANIDO-RIAL,Modules,1
MANUEL ORTEGA,Synchronous,1
WALTER DEALEMANS,Nlp,1
RAVI MURTHY,The,1
VALERIA MIHALACHE,Dna:,1
FRANCISCO JOS√© GARC√≠A,Case,2
S. TORRES,Ortof„≥nicos,1
VALERIA DE ANTONELLIS,Approach,1
STEVEN BLUNDY,Mapping,1
HELEN PULL,Unification,1
CLARK ELLIOTT,Pedagogical,1
KRISHNA G. KULKARNI,Sql3,1
FABIO CIRAVEGNA,Using,1
WALTER DEALEMANS,Memory-based,1
SERGE ABITEBOUL,Object,1
JAMES C. LESTER,An,1
ELIZABETH A. KENDALL,Coordination,1
ALEXANDRU MATEESCU,Coloring,1
JULI√°N GUTI√©RREZ SERRANO,Knowledge,1
S. TORRES,Training,1
JULIAN DAVIES,Poler,1
HARTMUT EHRIG,Forces,1
TEODOR C. PRZYMUSINSKI,Programs,1
F. J. BLANCO,Laboratory,1
B. CURTO,Case,2
JAMES C. LESTER,Affective,1
DANIELA PETRELLI,Annotation,1
RICARDO L√≥PEZ PIETRO,Aid,1
MECHTHILD ROHEN,Program,1
S. TORRES,Sound,1
STEPHANIE FORREST,Genetic,1
THOMAS LEMKE,Program,1
JIM DIEDERICH,Database,1
NELSON MENDON√ßA MATTOS,Features,1
G. GONZ√°LEZ,Engineering,1
KIM B. BRUCE,Paradigm,1
DAVID C. RICHARDSON,Data,1
A. M. MORENO,Tools,1
WOLFGANG THOMAS,Automata,1
ELENA CASTRO,Schemata,1
YORICK WILKS,Adaptive,1
RAVI S. SANDHU,"Authentication,",2
A. GONZ√°LEZ,Access,1
MANUEL VELASCO,Schemata,1
HENK BARENDREGT,Systems,1
JOS√© BRAVO,Environments,1
YASUFUMI TAKAMA,Scenic,1
BORYS OMELAYENKO,Meta-ontology,1
RAVI MURTHY,Extensibility,1
PETER MCBURNEY,Chance,1
MANUEL ALFONSECA,Automatically,1
GIANLUIGI ZAVATTARO,Tour,1
WALTER DEALEMANS,Extraction,1
HOCK CHUAN CHAN,Review,1
HARTMUT EHRIG,Review,1
PADHRAIC SMYTH,Theory,1
DAVID MAIER,Making,1
ROGER B. DANNENBERG,Music,1
HIROKO SHOJI,Discovery,1
JACK MILTON,"Messages,",1
TOM√°S A. P√©REZ,Knowledge,1
JACK MILTON,"Objects,",1
SUSHIL JAJODIA,Using,1
QI FAN CHEN,Algorithms,1
ROBERTO ZICARI,System,1
SANDEEPAN BANERJEE,Your,1
BARRON C. HOUSEL,System,1
RICHARD M. KARP,Algorithmic,1
TOM√°S A. P√©REZ,Access,1
JOS√© LUIS FERN√°NDEZ ALEM√°N,Seamless,1
ABDELSALAM HELAL,Optimization,1
RAVI MURTHY,Architecture,1
JEAN-LOUIS LASSEZ,Programming,1
Y. KIM,Transaction,1
A. GONZ√°LEZ,User,1
MICHAEL J. JIPPING,Language,1
DEAN ROSENZWEIG,The,1
DANIELA PETRELLI,Information,1
DWIGHT DEUGO,Coordination,1
KENG SIAU,Goms,1
LILIANA FAVRE,Uml,1
SERGE ABITEBOUL,Query,1
PERETZ SHOVAL,Enforcing,1
ALEXANDER BOCKMAYR,Solving,1
RICHARD T. SNODGRASS,Types,1
JIM A. CRAMMOND,Benchmarking,1
ANTONIO NAVARRO,Applications,1
ULRICH SCHIEL,Extensible,1
SOPHIE CLUET,Query,1
CORAL CALERO,Metrics,1
DAVID HAREL,Theory,1
LUIS E. ANIDO-RIAL,Courseware,1
JAMES C. LESTER,Computing:,1
JEFF RICKEL,Pedagogical,1
HARTMUT EHRIG,Expectations,1
ARTO SALOMAA,Road,1
MANUEL VELASCO,Relationship,1
WEI-MIN SHEN,Metaqueries,1
ANTONIO DI LEVA,Dataid,1
A. GONZ√°LEZ,Pedagogical,1
BALTASAR FERN√°NDEZ-MANJ√≥N,Hypermedia,1
ELENA CASTRO,Cardinality,1
ARMIN B. CREMERS,Interoperable,1
Q. WU,Approaches,1
CRESCENCIO BRAVO,Learning,1
A. MECCHIA,Data,1
MANUEL CAEIRO,Training,1
JOHN LIM,Language,1
VINEETH KUMAR PALERI,Formal,1
JOHN A. STANKOVIC,Real-time,1
SYLVIA L. OSBORN,Object-oriented,1
BERND MAHR,Practice,1
BORYS OMELAYENKO,Rdft:,1
CLARK ELLIOTT,Computing:,1
JULI√°N GUTI√©RREZ SERRANO,Limiting,1
R. CONEJO,Suprasegmental,1
ABDELSALAM HELAL,Transaction,1
TOM√°S A. P√©REZ,Adaptive,1
F. J. GONZ√°LEZ,Parameters,1
JAMES FELDMAN,Digital,1
ARTO SALOMAA,Coloring,1
LUIS E. ANIDO-RIAL,Via,1
SHARAD MALIK,Retargetable,1
PARIS C. KANELLAKIS,Query,1
RICHARD M. KARP,Revolution,1
CLEMENT T. YU,Distributed,1
SANDEEPAN BANERJEE,Architecture,1
KSHITIJ SHAH,Building,1
NELSON MENDON√ßA MATTOS,Sql3,1
SILVIA CLERICI,Systematic,1
CHRISTOPHER M. BISHOP,Neural,1
ARTO SALOMAA,Cernys',1
P. BERTAINA,Environment,1
MANUEL VELASCO,Cardinality,1
PAOLO CONFORTO,Solutions,1
JULI√°N GUTI√©RREZ SERRANO,Strategies,1
SANJAY MANCHANDA,Updates,1
DAVID MAIER,Development,1
MARC H. SCHOLL,System,1
JIM DIEDERICH,"Messages,",1
HARTMUT EHRIG,1985,1
TOBIN J. LEHMAN,Manager,1
MICHAEL WEISS,Patterns,1
PATRICK BORRAS,Interfaces,1
JAMES FELDMAN,Logic,1
F. J. GONZ√°LEZ,Ortof„≥nicos,1
MARKUS DIECKMANN,Implementierungstechnologien,1
VER√≥NICA DAHL,Towards,1
MECHTHILD ROHEN,Modules,1
JUAN C. BURGUILLO-RIAL,Interconnecting,1
A. GONZ√°LEZ,Hypermedia,2
PERETZ SHOVAL,Constraints,1
JERZY TIURYN,Programs,1
CHRISTOPHER M. BISHOP,Networks,1
THOMAS LEMKE,Interoperable,1
RAVI S. SANDHU,Detection,2
VANCE E. WADDLE,Database,1
SILVIA CLERICI,Transform,1
TOM√°S A. P√©REZ,Aid,1
ELENA CASTRO,Relational,1
JULI√°N GUTI√©RREZ SERRANO,User,1
JOS√© LUIS SIERRA,"Analysis,",1
TEODOR C. PRZYMUSINSKI,Deductive,1
DIDIER TALLOT,Looks,1
HENK BARENDREGT,Tale,1
HELMUT THOMA,Lernen,1
A. GONZ√°LEZ,With,1
BARRON C. HOUSEL,An,1
MARTIN GAEDKE,F„ºr,1
STEVEN BLUNDY,Rice,1
LUC BOASSON,Context-free,1
JUAN DE LARA,Internet,1
CIAR√°N BRYCE,Internet,1
PATRICK BORRAS,User,1
FRED ENGLER,Sequence,1
STEVEN A. DEMURJIAN,Design,1
DEXTER KOZEN,Programs,1
ERIK SANDEWALL,Actions,1
NORA KOCH,Web,1
JEAN-CLAUDE MAMOU,Building,1
MIGUEL A. REDONDO,Environments,1
MIGUEL A. REDONDO,Collaborative,1
WALTER DEALEMANS,Classification,1
H. V. JAGADISH,Similarity,1
EHUD Y. SHAPIRO,Polymorphically,1
LUIS E. ANIDO-RIF√≥N,Creating,1
TOBIN J. LEHMAN,Design,1
VIBBY GOTTEMUKKALA,The,1
SILVIA CLERICI,Object-oriented,1
ANDR√© OOSTERLINCK,System,1
JOXAN JAFFAR,Logic,1
MANUEL ORTEGA,Environments,1
HIROKO SHOJI,Communication,1
CRESCENCIO BRAVO,Environments,1
JOS√© √ÅNGEL VADILLO ZORITA,Knowledge,1
BALTASAR FERN√°NDEZ-MANJ√≥N,Educational,1
MICHAEL I. JORDAN,Neural,1
ALAN WATT,Mainstream,1
S. TODD,Interface,1
M. N. MORENO,Laboratory,1
NADIA BUSI,Coordination,1
JAN L. G. DIETZ,Comprehensive,1
ARMIN B. CREMERS,Systems,1
GIANLUIGI ZAVATTARO,Models:,1
NELSON MENDON√ßA MATTOS,Database,1
B. CURTO,Using,1
HELEN PULL,Languages,1
TOM√°S A. P√©REZ,Limiting,1
BERND MAHR,Theory,1
RAVI MUKKAMALA,Semantics-based,1
ANTONIO DI LEVA,Design,1
BALTASAR FERN√°NDEZ-MANJ√≥N,Applications,1
MARKUS DIECKMANN,Web-anwendungen,1
GERHARD WIDMER,Learning,1
SUBRAMANIAN RAJAGOPALAN,Word,1
ALAN R. HEVNER,Network,1
PARIS C. KANELLAKIS,Relational,1
JOS√© √ÅNGEL VADILLO ZORITA,Aid,1
ALAN R. HEVNER,Methods,1
WOLFGANG KLAS,Playout,1
DOLORES CUANDRA,Cardinality,1
M. N. MORENO,Software,1
M. J. FERN√°NDEZ,Collaborative,1
FABIO CIRAVEGNA,Information,1
PHILIPPE SMETS,The,1
VIPUL KASHYAP,Patch,1
J. BAKER,Regularities,1
P. GIOLITO,Relational,1
CARLOS NIETO,Schemata,1
ANDREA OMICINI,Basic,1
ALEXIEI DINGLI,Annotation,1
JANE S. RICHARDSON,Data,1
CORAL CALERO,Warehouse,1
PHILIPPE SMETS,Belief,2
JANE S. RICHARDSON,Mining,1
DIDIER TALLOT,User,1
KENG SIAU,Process,1
TOM√°S A. P√©REZ,Pedagogical,1
YUKIO OHSAWA,Scenic,1
FELIKS KLUZNIAK,Personal,1
F. J. GONZ√°LEZ,Sound,1
DOLORES CUANDRA,Preserving,1
PHILIPPE FUTTERSACK,Alternative,1
DOLORES CUANDRA,Relationship,1
CORAL CALERO,Data,1
MARC VAN LEEUWEN,Language,1
ROGER KING,Models,1
MANUEL SERRANO,Warehouse,1
J. V. BENLLOCH,Via,1
RICARDO L√≥PEZ PIETRO,Hyperspace,1
VALERIA MIHALACHE,Lindenmayer,1
F. J. GONZ√°LEZ,Suprasegmental,1
DAVID C. RICHARDSON,Ore,1
DAVID MAIER,Fast,1
A. MECCHIA,Codasyl,1
ALEXIEI DINGLI,Using,1
PAOLO CONFORTO,Accord,1
ALEXANDRU MATEESCU,Road,1
M. LACRUZ,Actions,1
ANTONIO NAVARRO,Development,1
FELIKS KLUZNIAK,The,1
MICHAEL J. FRANKLIN,Recovery,1
STEFANO PARABOSCHI,Applications,1
DAVID B. FOGEL,Evolutionary,1
ROLF HENNICKER,Web,1
CRAIG STANFILL,Parallel,1
ABDELSALAM HEDDAYA,Transaction,1
F√©LIX BUEND√≠A,Modules,1
JOHN LIM,Natural,1
LILIANA FAVRE,Transform,1
DONNA HARMAN,Query,1
A. M. MORENO,Upper,1
SILVIA CLERICI,Static,1
NEELAM GUPTA,Data,1
RAJIV GUPTA,Testing,1
G. GONZ√°LEZ,Upper,1
SUSHIL JAJODIA,Semantics-based,1
ARTO SALOMAA,Truth,1
VISHU KRISHNAMURTHY,Extensibility,1
STEFANO ANTONIAZZI,Intelligent,1
MECHTHILD ROHEN,Interoperable,1
THOMAS W. REPS,Applications,1
GAIL E. KAISER,Transactions,1
A. M. MORENO,Case,2
CLAUDE DELOBEL,Environment,1
GIANLUIGI ZAVATTARO,Coordination,1
TERRY A. HALPIN,Uml,1
STEFANO PARABOSCHI,Rule,1
SERGE ABITEBOUL,Language,1
JIM DIEDERICH,Design,1
RAVI MUKKAMALA,Using,1
PETER WEGNER,The,1
GIANLUIGI ZAVATTARO,Guided,1
MICHAEL J. JIPPING,Paradigm,1
HARTMUT EHRIG,Theory,1
THOMAS W. REPS,Analysis,1
MANUEL CAEIRO,Environments,1
ELENA CASTRO,Preserving,1
JOS√© √ÅNGEL VADILLO ZORITA,Pedagogical,1
JEAN BERSTEL,Languages,1
ABDELSALAM HEDDAYA,Techniques,1
MIRA BALABAN,Model,1
MANUEL ALFONSECA,Multimedia,1
PALOMA MARTINEZ,Cardinality,1
SYLVIA L. OSBORN,Issues,1
MARKUS DIECKMANN,F„ºr,1
JOHN LIM,Experiments,1
BHARAT G. MITBANDER,Metaqueries,1
A. GONZ√°LEZ,Hyperspace,1
TOM√°S A. P√©REZ,User,1
JOHN DARLINGTON,Logic,1
ARMIN B. CREMERS,Logic,1
B. CURTO,Tools,1
JACOB STEIN,Dbms,1
ROLF HENNICKER,Systematic,1
JOHN DARLINGTON,Functional,1
M. N. MORENO,Upper,1
MIGUEL A. REDONDO,Synchronous,1
M. N. MORENO,Tools,1
VINCENZO MARZIALE,Solutions,1
YASUFUMI TAKAMA,Effects,1
REINHARD WILHELM,Analysis,1
LILIANA FAVRE,Code,1
DEAN ROSENZWEIG,Wam,1
DAVID J. DEWITT,Three,1
YASUYUKI SUMI,Conversations,1
MANUEL SERRANO,Data,1
PARIS C. KANELLAKIS,Identity,1
YUKIO OHSAWA,Information,1
DAVID MAIER,Workstation-server,1
NADIA BUSI,Models:,1
HARTMUT EHRIG,Development:,1
YASUFUMI TAKAMA,Hidden,1
VOLKER WEISPFENNING,Solving,1
JAN L. G. DIETZ,"Consistent,",1
SUBRAMANIAN RAJAGOPALAN,Digital,1
MART√≠N LLAMAS NISTAL,Creating,1
HELEN PULL,Functional,1
JUAN C. BURGUILLO-RIAL,Www,1
PAUL SUETENS,Integration,1
A. GONZ√°LEZ,Systems,1
SYLVIA L. OSBORN,Database,1
A. GONZ√°LEZ,Guiding,1
BERND MAHR,Tapsoft,1
GAIL E. KAISER,Multiuser,1
PARIS C. KANELLAKIS,Theory,1
SERGE ABITEBOUL,Method,1
VINEETH KUMAR PALERI,Generation,1
Y. KIM,Techniques,1
JOS√© √ÅNGEL VADILLO ZORITA,Limiting,1
VALERIA DE ANTONELLIS,Computer-aided,1
A. GONZ√°LEZ,Element,1
VISHU KRISHNAMURTHY,Oracle,1
DAVID B. FOGEL,Why,1
M. LACRUZ,Environments,1
CLAUDE DELOBEL,Programming,1
SHARAD MALIK,Signal,1
ROBERTO GORRIERI,Guided,1
MANUEL ORTEGA,Drawing,1
STEVEN P. WARTIK,Hashing,1
ALFREDO FERN√°NDEZ-VALMAYOR,Using,1
JEAN-ERIC PIN,Words,1
MARIAN H. NODINE,Transaction,1
MIRA BALABAN,Integrity,1
MANUEL ALFONSECA,Reality,1
HEIKO THIMM,Systems,1
CRAIG STANFILL,Information,1
HOCK CHUAN CHAN,Natural,1
HERMAN GEUVERS,Type,1
ZBIGNIEW MICHALEWICZ,Why,1
JULIAN DAVIES,Pop-2-based,1
GAIL E. KAISER,Environments,1
STEFANO PARABOSCHI,Language,1
SHARAD MALIK,Long,1
VOLKER WEISPFENNING,Constraints,1
MARC H. SCHOLL,Design,1
BHARAT G. MITBANDER,Data,1
JULI√°N GUTI√©RREZ SERRANO,With,1
CLARK ELLIOTT,Exploratory,1
F. J. BLANCO,Adam,1
KSHITIJ SHAH,Quilt,1
VIPUL KASHYAP,Multimedia,1
RICARDO L√≥PEZ PIETRO,An,1
JOS√© BRAVO,Synchronous,1
P. BERTAINA,Codasyl,1
PAUL TARAU,Internet,1
YASUYUKI SUMI,Daily,1
SOPHIE CLUET,O2,1
JUAN DE LARA,Education,1
FRED ENGLER,Fpc,1
JOHN DARLINGTON,Languages,1
JEAN-CLAUDE MAMOU,Looks,1
EGON B√∂RGER,Correctness,1
RUDOLF KRUSE,The,1
RICARDO L√≥PEZ PIETRO,With,1
R. VENUGOPAL,Safe,1
ALEXANDRU MATEESCU,"Conjecture,",1
JAN M. ZYTKOW,Regularities,1
MARCO CREMONINI,Internet,1
DIDIER PLATEAU,Building,1
MANUEL ORTEGA,Design,1
JEFF RICKEL,Lifelike,1
JAN L. G. DIETZ,"Coherent,",1
JOHN DARLINGTON,Unification,1
DAVID SCOTT WARREN,Updates,1
ANTONIO DI LEVA,Database,1
A. J. FIELD,Logic,1
MANUEL ALFONSECA,Simulation,2
CARLOS NIETO,Relational,1
RICHARD M. KARP,Research,1
KAYLIANG ONG,Metaqueries,1
VER√≥NICA DAHL,Programming,2
JOXAN JAFFAR,Scheme,1
DONNA HARMAN,Other,1
STEFANO ANTONIAZZI,On-line,1
JOS√© LUIS FERN√°NDEZ ALEM√°N,Metamodels,1
A. GONZ√°LEZ,Construction,1
MANUEL ORTEGA,Actions,1
SUSHIL JAJODIA,Database,1
CRESCENCIO BRAVO,Design,1
JULI√°N GUTI√©RREZ SERRANO,Hyperspace,1
PHILIPPE SMETS,Model,1
JOS√© √ÅNGEL VADILLO ZORITA,User,1
SUSHIL JAJODIA,Control,1
J. BAKER,Databases,1
HERMAN GEUVERS,Using,1
DEXTER KOZEN,Logics,1
ELIZABETH A. KENDALL,Patterns,1
SANDEEPAN BANERJEE,Data:,1
PALOMA MARTINEZ,Constraints,1
AHMED K. ELMAGARMID,Transaction,1
ALEXIEI DINGLI,Document,1
DAVID SCOTT WARREN,Logic-based,1
MANUEL ALFONSECA,Using,1
M. HOWARD WILLIAMS,Applications,1
EDWARD A. FOX,Algorithms,1
ROBERTO ZICARI,Object-oriented,1
TOM√°S A. P√©REZ,Strategies,1
TEODOR C. PRZYMUSINSKI,Logic,1
MANUEL ALFONSECA,Integration,1
F. J. BLANCO,Using,1
MANUEL ALFONSECA,Courses,1
SILVIA CLERICI,Code,1
PAOLO CIANCARINI,Guided,1
RAJIV GUPTA,Flow,1
TOM√°S A. P√©REZ,With,1
F√©LIX BUEND√≠A,Interconnecting,1
CLEMENT T. YU,Database,1
MARTIN GAEDKE,Web-anwendungen,1
THOMAS W. REPS,Shape,1
MICHAEL D. SOO,Data,1
M. N. MORENO,Using,1
JOS√© √ÅNGEL VADILLO ZORITA,An,1
PIERANGELA SAMARATI,"Controls,",2
THOMAS LEMKE,Information,1
STEFANO ANTONIAZZI,Home,1
RICARDO L√≥PEZ PIETRO,Element,1
FELIKS KLUZNIAK,Interpreter',1
QI FAN CHEN,Hashing,1
BENJAMIN C. PIERCE,Programming,1
S. TORRES,Parameters,1
DOMENICO SACC√†,Codasyl,1
WOLFGANG KLAS,Systems,1
JAN M. ZYTKOW,Interactive,1
ANTONIO DI LEVA,Logical,1
FRANCISCO JOS√© GARC√≠A,Laboratory,1
HOCK CHUAN CHAN,Language,1
VISHU KRISHNAMURTHY,Your,1
STEFANO ANTONIAZZI,Office,1
YORICK WILKS,Human-centred,1
R. CONEJO,Articulated,1
BALTASAR FERN√°NDEZ-MANJ√≥N,"Analysis,",1
AMIT P. SHETH,Building,1
BERND MAHR,1997,1
YORICK WILKS,Effective,1
FRANCISCO JOS√© GARC√≠A,Adam,1
VALERIA DE ANTONELLIS,Database,1
ANTONIO DI LEVA,Codasyl,1
F. MANFREDI,Data,1
J. V. BENLLOCH,Modules,1
CIAR√°N BRYCE,Coordination,1
MIRA BALABAN,Methods,1
ERIK SANDEWALL,Ramification,1
LUIS E. ANIDO-RIAL,Interconnecting,1
JULI√°N GUTI√©RREZ SERRANO,Aid,1
A. J. FIELD,Languages,1
Q. WU,Bayesian,1
STEFANO ANTONIAZZI,Towards,1
VINCENZO MARZIALE,Flexible,1
PADHRAIC SMYTH,Induction,1
REINHARD WILHELM,Applications,1
P. A. MASSEY,Benchmarking,1
ROGER B. DANNENBERG,Programming,1
TOBIN J. LEHMAN,Lock,1
PETER MCBURNEY,Discovery,1
LILIANA FAVRE,Models,1
PARIS C. KANELLAKIS,Environment,1
RAVI MURTHY,Data:,1
PIERANGELA SAMARATI,Detection,2
PIERANGELA SAMARATI,Intrusion,2
DENNIS MCLEOD,Models,1
FELIKS KLUZNIAK,'marseille,1
DEAN ROSENZWEIG,Definition,1
ALAN R. HEVNER,Design,1
JACK MILTON,Design,1
ALEXIEI DINGLI,Effective,1
TERRY A. HALPIN,Analysis,1
DEAN ROSENZWEIG,Correctness,1
ZBIGNIEW MICHALEWICZ,Evolutionary,1
ULRICH SCHIEL,Databases,1
Q. WU,System,1
FRAN√ßOIS BANCILHON,O2,1
BERND MAHR,Forces,1
PARIS C. KANELLAKIS,Database,1
JOHN A. STANKOVIC,Systems,1
MICHAEL J. JIPPING,Imperative,1
VIJAY CHANDRU,Optimization,1
J√ºRGEN SAUER,Meta-scheduling,1
RICARDO L√≥PEZ PIETRO,Access,1
EGON B√∂RGER,Definition,1
DOMENICO SACC√†,Base,1
HEIKO THIMM,Multimedia,1
G. GONZ√°LEZ,Case,2
JUAN DE LARA,Simulation,2
SHMUEL SAGIV,Shape,1
SUSHIL JAJODIA,Security,1
ALEXANDER TUZHILIN,Simulations,1
YORICK WILKS,Annotation,1
ANTONIO ALBANO,Dataid,1
F√©LIX BUEND√≠A,Www,1
ANDR√© OOSTERLINCK,Integration,1
S. TORRES,Suprasegmental,1
ROBIN MILNER,Semantics,1
HENK BARENDREGT,Dependent,1
A. GONZ√°LEZ,Purposes,1
S. TORRES,Articulated,1
MICHAEL J. MAHER,Programs,1
MATTEO PAMPOLINI,Towards,1
VIBBY GOTTEMUKKALA,Database,1
M. LACRUZ,Design,1
SANJAY MANCHANDA,Database,1
ROBERTO ZICARI,Framework,1
ALEXANDRU MATEESCU,Many-valued,1
PERETZ SHOVAL,Er,1
DIDIER PLATEAU,Programming,1
CYRIL U. ORJI,Hype?,1
PAOLO CIANCARINI,Tour,1
F. J. BLANCO,Software,1
PAOLO CONFORTO,Working,1
TERRY A. HALPIN,Comparison,1
CORAL CALERO,Quality,1
MANUEL SERRANO,Quality,1
A. M. MORENO,Adam,1
S. BING YAO,Interactive,1
EHUD Y. SHAPIRO,Typed,1
ALFREDO FERN√°NDEZ-VALMAYOR,Applications,1
SUBRAMANIAN RAJAGOPALAN,Instuction,1
OLIVER JUNG,Implementierungstechnologien,1
ANTONIO ALBANO,Approach,1
ALEXANDER BOCKMAYR,Numerical,1
PETER MCBURNEY,Logics,1
RICARDO L√≥PEZ PIETRO,Pedagogical,1
PALOMA MARTINEZ,Relationship,1
JAMES HATFIELD,Fpc,1
JOS√© LUIS SIERRA,Design,1
WITOLD STANISZKIS,Dbms,1
ULRICH SCHIEL,Maintenance,1
AMIT P. SHETH,Patch,1
SANJAY MANCHANDA,Language,1
DENNIS MCLEOD,Data,1
ROBIN MILNER,Operational,1
MARC H. SCHOLL,Database,2
STEVEN BLUNDY,Sequence,1
RAVI MUKKAMALA,Conflicts,1
S. TORRES,Intensity,1
ELENA CASTRO,Relationship,1
TOM√°S A. P√©REZ,An,1
M. N. MORENO,Adam,1
ELLEN RILOFF,Text,1
S. TODD,Relational,1
PADHRAIC SMYTH,Using,1
MICHAEL J. MAHER,Unification,1
S. BING YAO,Integration,1
Q. WU,Heuristic,1
ANTONIO NAVARRO,Using,1
JAN L. G. DIETZ,"Action,",1
MART√≠N LLAMAS NISTAL,Training,1
JIM A. CRAMMOND,Prolog,1
HIROKO SHOJI,Human-to-human,1
MANUEL VELASCO,Relational,1
SHARAD MALIK,Word,1
HENDRIK PIETER BARENDREGT,Programming,1
M. N. MORENO,Case,2
MARTIN GAEDKE,Implementierungstechnologien,1
BORYS OMELAYENKO,Service,1
PAUL TARAU,Programming,2
NELSON MENDON√ßA MATTOS,Active,1
RAVI S. SANDHU,"Controls,",2
FRAN√ßOIS BANCILHON,Query,1
ELIZABETH A. KENDALL,Reusable,1
R. VENUGOPAL,Mobile,1
CYRIL U. ORJI,Reality,1
THOM W. FR√ºHWIRTH,Typed,1
M. J. FERN√°NDEZ,Training,1
RICARDO L√≥PEZ PIETRO,Construction,1
SUBRAMANIAN RAJAGOPALAN,Very,1
MATTEO PAMPOLINI,On-line,1
R. VENUGOPAL,Code,1
HARTMUT EHRIG,Driving,1
ANTONIO NAVARRO,Design,1
DONNA HARMAN,Modification,1
MART√≠N LLAMAS NISTAL,Web-based,1
JUAN DE LARA,Reality,1
MIGUEL A. REDONDO,Learning,1
MICHAEL J. JIPPING,The,1
TERRY A. HALPIN,Information,1
PERETZ SHOVAL,Methods,1
J. V. BENLLOCH,Interconnecting,1
ANTONIO DI LEVA,Approach,1
MARTIN NUSSBAUMER,Implementierungstechnologien,1
TOM√°S A. P√©REZ,Construction,1
JAKUB ZAVREL,Feature-rich,1
ZBIGNIEW MICHALEWICZ,Algorithms?,1
PATRICK E. O'NEIL,Query,1
JIM A. CRAMMOND,Applications,1
A. MECCHIA,Design,1
VER√≥NICA DAHL,Internet,1
JULI√°N GUTI√©RREZ SERRANO,Hypermedia,2
MARC VAN LEEUWEN,Programming,1
JUAN DE LARA,Generated,1
M. R. RAO,Optimization,1
S. BING YAO,System,1
SUSHIL JAJODIA,Transaction,1
VOLKER WEISPFENNING,Numerical,1
S. TODD,Binary,1
JOXAN JAFFAR,Programming,1
MART√≠N LLAMAS NISTAL,Environments,1
ALFREDO FERN√°NDEZ-VALMAYOR,"Analysis,",1
RICARDO L√≥PEZ PIETRO,Systems,1
CARLO ZANIOLO,Mining,1
DONNA HARMAN,Relevance,1
DIDIER L√©V√äQUE,Interfaces,1
ARMIN B. CREMERS,Program,1
F. MANFREDI,Base,1
PAUL SUETENS,Bayesian,1
JUAN DE LARA,Automatically,1
JIM DIEDERICH,"Objects,",1
VIPUL KASHYAP,Building,1
HARTMUT EHRIG,1997,1
ELLEN RILOFF,Information,1
FABIO CIRAVEGNA,Effective,1
A. J. FIELD,The,1
BENJAMIN C. PIERCE,Foundational,1
DAVID SCOTT WARREN,Language,1
MICHAEL D. SOO,Types,1
MICHAEL WEISS,Agent,1
RICHARD M. KARP,The,1
LUC BOASSON,Languages,1
S. BING YAO,An,1
J. BAKER,Mining,1
DANIELA PETRELLI,Extraction,1
JAKUB ZAVREL,Nlp,1
SHARAD MALIK,Digital,1
DONNA HARMAN,Feedback,1
DONNA HARMAN,Techniques,1
ROLF HENNICKER,Uml,1
A. M. MORENO,Laboratory,1
WALTER DEALEMANS,Feature-rich,1
SUSHIL JAJODIA,Privacy,1
JULI√°N GUTI√©RREZ SERRANO,Adaptive,1
MARTIN NUSSBAUMER,Web-anwendungen,1
DAVID MAIER,Systems,1
RAVI MUKKAMALA,Control,1
DIDIER PLATEAU,User,1
VINCENZO MARZIALE,Working,1
FABIO CIRAVEGNA,Extraction,1
RICHARD T. SNODGRASS,Overview,1
SANDEEPAN BANERJEE,Oracle,1
A. GONZ√°LEZ,An,1
JAMES C. LESTER,Exploratory,1
DOMENICO SACC√†,Design,1
R. CONEJO,Collares,1
DAVID MAIER,Database,1
JOS√© √ÅNGEL VADILLO ZORITA,Hyperspace,1
ARTO SALOMAA,"Functions,",1
ROBERTO GORRIERI,Tour,1
J√ºRGEN SAUER,Scheduling,1
ARMIN B. CREMERS,Information,1
DOLORES CUANDRA,Relational,1
A. J. FIELD,Functional,1
F. MANFREDI,Codasyl,1
DIDIER PLATEAU,Introduction,1
DWIGHT DEUGO,Patterns,1
F. MANFREDI,Dbms,1
SIMON PARSONS,Logics,1
ARTO SALOMAA,D0l,1
JOS√© LUIS FERN√°NDEZ ALEM√°N,Semantics,1
HENK BARENDREGT,Proof-assistants,1
KIM B. BRUCE,The,1
TOM√°S A. P√©REZ,Educational,1
PALOMA MARTINEZ,Preserving,1
CRESCENCIO BRAVO,Actions,1
ELLEN RILOFF,Retrieval,1
CRESCENCIO BRAVO,Drawing,1
FRAN√ßOIS BANCILHON,Language,1
TEODOR C. PRZYMUSINSKI,On,1
JEFF RICKEL,An,1
ROBERT E. NOONAN,Time,1
VIBBY GOTTEMUKKALA,Design,1
BERND MAHR,Driving,1
PIERANGELA SAMARATI,"Authentication,",2
JOS√© AMBROSIO TOVAL √ÅLVAREZ,Semantics,1
KIM MARRIOTT,Unification,1
P. BERTAINA,Logical,1
M. LACRUZ,Drawing,1
MANUEL VELASCO,Preserving,1
MANUEL VELASCO,Constraints,1
DAVID MAIER,Alternative,1
CAROL SODERLUND,Fpc,1
JEAN-LOUIS LASSEZ,Unification,1
LEE A. HOLLAAR,Text,1
M. J. FERN√°NDEZ,Environments,1
B. CURTO,Adam,1
GREGORY R. ANDREWS,Programming,1
PERETZ SHOVAL,Model,1
KENG SIAU,Rational,1
PATRICK E. O'NEIL,Performance,1
F. MANFREDI,Physical,1
YORICK WILKS,Using,1
HERMAN GEUVERS,Systems,1
PAOLO CIANCARINI,Coordination,1
DAVID MAIER,Dbms,1
M. J. FERN√°NDEZ,Creating,1
RODNEY M. GOODMAN,Information,1
JOS√© LUIS FERN√°NDEZ ALEM√°N,Formalizing,1
M. HOWARD WILLIAMS,Benchmarking,1
STEVEN A. DEMURJIAN,Traditional,1
HEIKO THIMM,Playout,1
WILLIAM B. FRAKES,Stemming,1
DANIELA PETRELLI,Human-centred,1
DWIGHT DEUGO,Reusable,1
ANTONIO ALBANO,Computer-aided,1
GERHARD WIDMER,Research,1
ROGER KING,Data,1
JAMES C. LESTER,Lifelike,1
JULIAN DAVIES,Planner,1
R. CONEJO,System,1
ARMIN B. CREMERS,Modules,1
JAN M. ZYTKOW,Mining,1
ANDR√© OOSTERLINCK,Approaches,1
RAJIV GUPTA,Data,1
P. A. MASSEY,Prolog,1
P. BERTAINA,Relational,1
A. MECCHIA,Physical,1
RICARDO L√≥PEZ PIETRO,Strategies,1
YASUFUMI TAKAMA,Events,1
S. BING YAO,Design,2
AHMED K. ELMAGARMID,Optimization,1
P. GIOLITO,Design,1
ALEXIEI DINGLI,Adaptive,1
ANTONIO ALBANO,Design:,1
JANE S. RICHARDSON,Ore,1
S. BING YAO,Methods,1
SUBRAMANIAN RAJAGOPALAN,Compiler,1
TOM√°S A. P√©REZ,Systems,1
DIDIER PLATEAU,Interfaces,1
NADIA BUSI,Tour,1
R. CONEJO,Parameters,1
JANE S. RICHARDSON,Structures,1
H. V. JAGADISH,Retrieval,1
VISHU KRISHNAMURTHY,Data:,1
SUSHIL JAJODIA,Concurrency,1
A. GONZ√°LEZ,Educational,1
STEVEN A. DEMURJIAN,Software,1
ROGER KING,Semantic,1
CIAR√°N BRYCE,Security,1
PHILIPPE SMETS,Representation,1
MARIAN H. NODINE,Optimization,1
JERZY TIURYN,Logics,1
CYRIL U. ORJI,Multimedia,1
LUIS E. ANIDO-RIAL,Www,1
CARLOS NIETO,Relationship,1
SIMON PARSONS,Argumentation,1
FRED B. SCHNEIDER,Concepts,1
EYAL YARDENI,Logic,1
MICHAEL J. MAHER,Revisited,1
A. M. MORENO,Using,1
DAVID J. DEWITT,Alternative,1
MICHAEL J. MAHER,Equivalences,1
DOMENICO SACC√†,Dbms,1
LUIS E. ANIDO-RIF√≥N,Collaborative,1
DANIELA PETRELLI,Document,1
JEAN-LOUIS LASSEZ,Logic,1
YASUFUMI TAKAMA,Rare,1
JIM DIEDERICH,Rules,1
BARRON C. HOUSEL,Design,1
SANDEEPAN BANERJEE,All,1
SHARAD MALIK,Processors,1
DAVID MAIER,Object-oriented,1
ANDREW DINN,Optimization,1
M. J. FERN√°NDEZ,Scenarios,1
JOS√© √ÅNGEL VADILLO ZORITA,Hypermedia,2
CLARK ELLIOTT,Synthesis,1
BENJAMIN C. PIERCE,Languages,1
WITOLD STANISZKIS,Data,1
BORYS OMELAYENKO,Mapping,1
JOS√© BRAVO,Design,1
S. TORRES,Collares,1
REINHARD WILHELM,Shape,1
BARRON C. HOUSEL,Interactive,1
FERNANDO V√©LEZ,Alternative,1
GIACINTO LOSQUADRO,Working,1
ANTONIO DI LEVA,Environment,1
ABDELSALAM HEDDAYA,Optimization,1
YASUYUKI SUMI,Enhancing,1
PIERO FRATERNALI,Language,1
BORYS OMELAYENKO,Web,1
JEFF RICKEL,Synthesis,1
SUBRAMANIAN RAJAGOPALAN,Signal,1
JOS√© √ÅNGEL VADILLO ZORITA,Adaptive,1
MATTEO PAMPOLINI,Intelligent,1
JIM A. CRAMMOND,Database,1
ROBERTA COCHRANE,Database,1
ROGER B. DANNENBERG,Systems,1
JAMES HATFIELD,Rice,1
RODNEY M. GOODMAN,Induction,1
FABIO CIRAVEGNA,Annotation,1
SERGE ABITEBOUL,Primitive,1
MANUEL ALFONSECA,Generated,1
RICHARD T. SNODGRASS,Tquel,1
ROBERTO GORRIERI,Coordination,1
JEAN-ERIC PIN,Logic,1
YASUFUMI TAKAMA,Factors,1
YASUFUMI TAKAMA,Awareness,1
LILIANA FAVRE,Static,1
ANTONIO NAVARRO,Domain,1
PAUL SUETENS,System,1
JOHN C. MITCHELL,Type,1
VINEETH KUMAR PALERI,Specifications,1
VANCE E. WADDLE,System,1
JOS√© AMBROSIO TOVAL √ÅLVAREZ,Formalizing,1
YUKIO OHSAWA,Effects,1
FRED B. SCHNEIDER,Concurrent,1
CYRIL U. ORJI,Dbms,1
VISHU KRISHNAMURTHY,Architecture,1
HIROKO SHOJI,Chance,1
AMIT P. SHETH,Multimedia,1
PIERO FRATERNALI,Designing,1
ALEXANDER TUZHILIN,Applications,1
BERND MAHR,Review,1
VER√≥NICA DAHL,Logic,1
JUAN C. BURGUILLO-RIAL,Via,1
PETER VAN EMDE BOAS,Simulation,1
CRESCENCIO BRAVO,Collaborative,1
BALTASAR FERN√°NDEZ-MANJ√≥N,Using,1
P. GIOLITO,Environment,1
PETER WEGNER,Object-oriented,1
ELLEN RILOFF,Databases,1
FRANCISCO JOS√© GARC√≠A,Using,1
CLARK ELLIOTT,An,1
J. BAKER,Interactive,1
HERMAN GEUVERS,Dependent,1
ROBERTO ZICARI,In,1
MICHAEL WEISS,Coordination,1
RAVINDRA B. KESKAR,Compiling,1
KENG SIAU,Language,1
ELENA CASTRO,Constraints,1
PERETZ SHOVAL,Cardinality,1
GIACINTO LOSQUADRO,Solutions,1
SHARAD MALIK,Compiler,1
SOPHIE CLUET,Language,1
PARIS C. KANELLAKIS,Elements,1
PETER WEGNER,Classification,1
RAVI S. SANDHU,Access,2
VANCE E. WADDLE,Interactive,1
JOS√© √ÅNGEL VADILLO ZORITA,Purposes,1
MICHAEL I. JORDAN,Networks,1
DAVID C. RICHARDSON,Structures,1
RAVINDRA B. KESKAR,Code,1
SANDEEPAN BANERJEE,The,1
B. CURTO,Engineering,1
ALFREDO FERN√°NDEZ-VALMAYOR,Domain,1
JEAN-LOUIS LASSEZ,Language,1
THOM W. FR√ºHWIRTH,Programs,1
A. M. MORENO,Engineering,1
TOBIN J. LEHMAN,Performance,1
RICARDO L√≥PEZ PIETRO,Knowledge,1
JEFF RICKEL,Computing:,1
HELEN PULL,Logic,1
VANCE E. WADDLE,An,1
JOS√© LUIS SIERRA,Development,1
KENG SIAU,Analysis,1
THOM W. FR√ºHWIRTH,Polymorphically,1
JOS√© √ÅNGEL VADILLO ZORITA,Strategies,1
R. CONEJO,Training,1
JUAN DE LARA,Multimedia,1
ROBIN MILNER,Algebraic,1
ANTONIO DI LEVA,Design:,1
PIERANGELA SAMARATI,Access,2
DAVID C. RICHARDSON,3d,1
KAYLIANG ONG,Data,1
CLARK ELLIOTT,Agents,1
ALEXANDRU MATEESCU,Truth,1
S. BING YAO,Database,2
WEI-MIN SHEN,Data,1
DAVID MAIER,Applications,1
MARIAN H. NODINE,Techniques,1
CAROL SODERLUND,Mapping,1
SIMON PARSONS,Chance,1
ERIC N. HANSON,Ariel,1
PATRICK E. O'NEIL,Benchmark,1
RODNEY M. GOODMAN,Rule,1
G. GONZ√°LEZ,Adam,1
SUBRAMANIAN RAJAGOPALAN,Retargetable,1
ALAN WATT,Techniques,1
BERND MAHR,Development:,1
MICHAEL J. MAHER,Logic,2
M. LACRUZ,Synchronous,1
FRANCISCO JOS√© GARC√≠A,Software,1
MANUEL SERRANO,Metrics,1
OMRI SERLIN,Debitcredit,1
JEFF RICKEL,Affective,1
ALEXIEI DINGLI,Extraction,1
RICARDO L√≥PEZ PIETRO,Guiding,1
JULI√°N GUTI√©RREZ SERRANO,Pedagogical,1
FERNANDO V√©LEZ,Workstation-server,1
RICHARD T. SNODGRASS,Temporal,1
DOLORES CUANDRA,Schemata,1
BARRON C. HOUSEL,Integration,1
JANE S. RICHARDSON,High-grade,1
MARC VAN LEEUWEN,Functional,1
F. J. BLANCO,Tools,1
YORICK WILKS,Information,1
SERGE ABITEBOUL,Schemas,1
OMRI SERLIN,The,1
BALTASAR FERN√°NDEZ-MANJ√≥N,Development,1
ROBERTO ZICARI,Database,1
DAVID MAIER,Cad,1
ALEXIEI DINGLI,Human-centred,1
ROLF HENNICKER,Applications,1
JULI√°N GUTI√©RREZ SERRANO,Educational,1
JAMES HATFIELD,Sequence,1
GREGORY R. ANDREWS,Concurrent,1
JEAN-LOUIS LASSEZ,Scheme,1
STEFANO PARABOSCHI,Designing,1
JOHN C. MITCHELL,Programming,1
DAVID MAIER,Architectures,1
S. BING YAO,Network,1
RUDOLF KRUSE,Belief,2
EMMANUEL WALLER,Schemas,1
FERNANDO V√©LEZ,Architectures,1
PARIS C. KANELLAKIS,Method,1
M. HOWARD WILLIAMS,Prolog,1
CLARK ELLIOTT,Lifelike,1
PARIS C. KANELLAKIS,Language,1
JUAN C. BURGUILLO-RIAL,Modules,1
G. GONZ√°LEZ,Laboratory,1
WOLFGANG THOMAS,Infinite,1
DAVID J. DEWITT,Architectures,1
RICARDO L√≥PEZ PIETRO,User,1
PALOMA MARTINEZ,Schemata,1
DIDIER TALLOT,Interfaces,1
JULI√°N GUTI√©RREZ SERRANO,Access,1
ANTONIO DI LEVA,Computer-aided,1
LILIANA FAVRE,Object-oriented,1
GERHARD WIDMER,Potential,1
VIBBY GOTTEMUKKALA,Evaluation,1
WOLFGANG KLAS,Multimedia,1
JACOB STEIN,Object-oriented,1
MARIO PIATTINI,Data,1
ELIZABETH A. KENDALL,Agent,1
JEAN-LOUIS LASSEZ,Revisited,1
PIERO FRATERNALI,Chimera:,1
VIBBY GOTTEMUKKALA,Manager,1
BORYS OMELAYENKO,Integration,1
SIMON PARSONS,Discovery,1
EDWARD A. FOX,Hashing,1
JACK MILTON,Database,1
EYAL YARDENI,Programs,1
TOM√°S A. P√©REZ,Guiding,1
HENK BARENDREGT,Programming,1
A. MECCHIA,Base,1
WILLIAM L. BYNUM,Environments,1
BERND MAHR,Expectations,1
ERIK SANDEWALL,Change,1
NORA KOCH,Uml,1
ANTONIO ALBANO,Database,1
JOS√© LUIS SIERRA,Domain,1
M. J. FERN√°NDEZ,Web-based,1
THOMAS LEMKE,Modules,1
KENG SIAU,Unified,2
DAVID C. RICHARDSON,Mining,1
RAVI MURTHY,Oracle,1
MARCO CREMONINI,Coordination,1
VINCENZO MARZIALE,Accord,1
PADHRAIC SMYTH,Information,1
NEELAM GUPTA,Testing,1
MANUEL ALFONSECA,Virtual,1
NORA KOCH,Systematic,1
A. GONZ√°LEZ,Adaptive,1
JOS√© √ÅNGEL VADILLO ZORITA,Access,1
EGON B√∂RGER,Compiler,1
ANTONIO NAVARRO,"Analysis,",1
OMRI SERLIN,History,1
DIDIER TALLOT,Building,1
RICARDO L√≥PEZ PIETRO,Hypermedia,2
A. GONZ√°LEZ,Aid,1
PERETZ SHOVAL,Integrity,1
ALFREDO FERN√°NDEZ-VALMAYOR,Educational,1
PAUL TARAU,Infrastructure,1
JOHN A. STANKOVIC,Embedded,1
LUIS E. ANIDO-RIF√≥N,Training,1
MICHAEL WEISS,Reusable,1
JULI√°N GUTI√©RREZ SERRANO,Systems,1
KRISHNA G. KULKARNI,Database,1
WILLIAM B. FRAKES,Algorithms,1
DAVID B. FOGEL,Algorithms?,1
R. CONEJO,Intensity,1
EMMANUEL WALLER,Method,1
MARC H. SCHOLL,Object-oriented,1
JOS√© AMBROSIO TOVAL √ÅLVAREZ,Seamless,1
PARIS C. KANELLAKIS,Introduction,1
PAOLO CONFORTO,Flexible,1
TOBIN J. LEHMAN,Evaluation,1
H. V. JAGADISH,Indexing,1
STEVEN BLUNDY,Fpc,1
VER√≥NICA DAHL,Infrastructure,1
JOS√© √ÅNGEL VADILLO ZORITA,With,1
LUIS E. ANIDO-RIF√≥N,Web-based,1
WILLIAM L. BYNUM,Time,1
CLAUDE DELOBEL,Introduction,1
TOM√°S A. P√©REZ,Purposes,1
PETER WEGNER,Paradigm,1
TERRY A. HALPIN,Orm:,1
GERHARD WIDMER,Music,1
MANUEL CAEIRO,Creating,1
JOS√© BRAVO,Drawing,1
J. V. BENLLOCH,Www,1
MANUEL CAEIRO,Collaborative,1
KRISHNA G. KULKARNI,Active,1
HARTMUT EHRIG,Practice,1
JOS√© √ÅNGEL VADILLO ZORITA,Element,1
TEODOR C. PRZYMUSINSKI,Declarative,1
NORA KOCH,Design,1
F. J. GONZ√°LEZ,Articulated,1
RAVINDRA B. KESKAR,Mobile,1
JOS√© √ÅNGEL VADILLO ZORITA,Educational,1
JOHN C. MITCHELL,Languages,1
RUDOLF KRUSE,Model,1
MANUEL ORTEGA,Learning,1
SHMUEL SAGIV,Analysis,1
FABIO CIRAVEGNA,Adaptive,1
R. CONEJO,Ortof„≥nicos,1
MECHTHILD ROHEN,Information,1
LUIS E. ANIDO-RIF√≥N,Scenarios,1
AMIT P. SHETH,Metadata,1
JAMES C. LESTER,Pedagogical,1
NORMAN W. PATON,Optimization,1
BHARAT G. MITBANDER,Mining,1
TOBIN J. LEHMAN,Database,1
ROBERT E. NOONAN,Environments,1
ARTO SALOMAA,Lindenmayer,1
B. CURTO,Upper,1
JOS√© AMBROSIO TOVAL √ÅLVAREZ,Metamodels,1
PALOMA MARTINEZ,Relational,1
HERMAN GEUVERS,Proof-assistants,1
P. GIOLITO,Codasyl,1
YASUFUMI TAKAMA,Imagination,1
MICHAEL J. MAHER,Programming,1
MARCO CREMONINI,Security,1
DAVID MAIER,Implementation,1
JACOB STEIN,Development,1
S. TORRES,Rhythm,1
DOMENICO SACC√†,Data,1
PHILIPPE FUTTERSACK,Workstation-server,1
JEAN BERSTEL,Context-free,1
NADIA BUSI,Guided,1
SUBRAMANIAN RAJAGOPALAN,Processors,1
ANDR√© OOSTERLINCK,Pattern-classification,1
BALTASAR FERN√°NDEZ-MANJ√≥N,Domain,1
SHARAD MALIK,Framework,1
VIPUL KASHYAP,Quilt,1
HENDRIK PIETER BARENDREGT,Lambda,1
JEAN-CLAUDE MAMOU,Interfaces,1
MARIO PIATTINI,Warehouse,1
ANDREA OMICINI,Introduction,1
JACK MILTON,Rules,1
FRED B. SCHNEIDER,Programming,1
ANDREA OMICINI,Enabling,1
DANIELA PETRELLI,Effective,1
JOS√© AMBROSIO TOVAL √ÅLVAREZ,Uml,1
JOS√© √ÅNGEL VADILLO ZORITA,Guiding,1
SUSHIL JAJODIA,Conflicts,1
LEE A. HOLLAAR,Retrieval,1
ROBERTA COCHRANE,Sql3,1
KRISHNA G. KULKARNI,Features,1
VIBBY GOTTEMUKKALA,Lock,1
Y. KIM,Optimization,1
HENK BARENDREGT,Type,1
SYLVIA L. OSBORN,Systems,1
KSHITIJ SHAH,Metadata,1
OLIVER JUNG,Web-anwendungen,1
VANCE E. WADDLE,Integration,1
F. J. BLANCO,Upper,1
SUBRAMANIAN RAJAGOPALAN,Long,1
ANTONIO NAVARRO,Hypermedia,1
MIGUEL A. REDONDO,Actions,1
F. MANFREDI,Design,1
JULI√°N GUTI√©RREZ SERRANO,An,1
DAVID HAREL,Structures,1
CLEMENT T. YU,Query,1
MATTEO PAMPOLINI,Office,1
ALEXANDRU MATEESCU,"Functions,",1
YORICK WILKS,Extraction,1
DAVID HAREL,Towards,1
VIBBY GOTTEMUKKALA,Memory-resident,1
LENWOOD S. HEATH,Algorithms,1
PAUL SUETENS,Heuristic,1
LILIANA FAVRE,Systematic,1
CLAUDE DELOBEL,Query,1
MANUEL ORTEGA,Collaborative,1
JUAN DE LARA,Courses,1
GIACINTO LOSQUADRO,Accord,1
GERHARD WIDMER,On,1
MECHTHILD ROHEN,Systems,1
M. R. RAO,Combinatorial,1
HARTMUT EHRIG,Tapsoft,1
CARLO ZANIOLO,Metaqueries,1
ULRICH SCHIEL,Integrity,1
MICHAEL J. MAHER,Scheme,1
DIDIER PLATEAU,Environment,1
MARIO PIATTINI,Metrics,1
CLEMENT T. YU,Processing,1
HENK BARENDREGT,Using,1
ALAN R. HEVNER,Database,1
M. N. MORENO,Engineering,1
RICHARD M. KARP,Challenges,1
JOHN C. MITCHELL,Systems,1
VALERIA MIHALACHE,D0l,1
ALEXIEI DINGLI,Information,1
RODNEY M. GOODMAN,Using,1
JULIAN DAVIES,Implementation,1
KSHITIJ SHAH,Patch,1
RAVI S. SANDHU,Intrusion,2
TOBIN J. LEHMAN,The,1
ROBERTO GORRIERI,Models:,1
EYAL YARDENI,Polymorphically,1
HIROKO SHOJI,Business,1
WEI-MIN SHEN,Mining,1
FRED ENGLER,Rice,1
ROBERT E. NOONAN,Memory,1
PETER MCBURNEY,Argumentation,1
PATRICK BORRAS,Building,1
RICHARD M. KARP,Genomics,1
BENJAMIN C. PIERCE,Calculi,1
MICHAEL J. FRANKLIN,Control,1
VALERIA DE ANTONELLIS,Design:,1
JAN M. ZYTKOW,Databases,1
A. GONZ√°LEZ,Knowledge,1
DWIGHT DEUGO,Agent,1
SERGE ABITEBOUL,Identity,1
G. GONZ√°LEZ,Using,1
JAKUB ZAVREL,Extraction,1
THOMAS LEMKE,Logic,1
PETER VAN EMDE BOAS,Machine,1
MIRA BALABAN,Enforcing,1
JOS√© BRAVO,Learning,1
JULI√°N GUTI√©RREZ SERRANO,Purposes,1
PATRICK E. O'NEIL,Measurement,1
R. VENUGOPAL,Compiling,1
ROBERT E. NOONAN,Management,1
PAUL SUETENS,Approaches,1
JOHN DARLINGTON,The,1
RICARDO L√≥PEZ PIETRO,Limiting,1
WOLFGANG KLAS,Management,1
SILVIA CLERICI,Models,1
MARC H. SCHOLL,Physical,1
SUBRAMANIAN RAJAGOPALAN,Framework,1
PARIS C. KANELLAKIS,Primitive,1
WALTER DEALEMANS,Information,1
THOM W. FR√ºHWIRTH,Logic,1
RUDOLF KRUSE,Transferable,1
DIDIER L√©V√äQUE,Building,1
JOS√© LUIS SIERRA,Using,1
TOM√°S A. P√©REZ,Hyperspace,1
TEODOR C. PRZYMUSINSKI,Databases,1
JANE S. RICHARDSON,3d,1
ROBERTA COCHRANE,Active,1
DIDIER L√©V√äQUE,Looks,1
ERIK SANDEWALL,Reasoning,1
M. HOWARD WILLIAMS,Optimization,1
ROGER B. DANNENBERG,Interactive,1
JAKUB ZAVREL,Shallow,1
RICARDO L√≥PEZ PIETRO,Adaptive,1
TOBIN J. LEHMAN,Memory-resident,1
PHILIPPE SMETS,Transferable,1
EHUD Y. SHAPIRO,Programs,1
ROGER B. DANNENBERG,Dynamic,1
HELMUT THOMA,Wissen,1
RICHARD T. SNODGRASS,Data,1
BERND MAHR,1985,1
LUIS E. ANIDO-RIF√≥N,Environments,1
GIACINTO LOSQUADRO,Flexible,1
J. V. BENLLOCH,Courseware,1
FRED ENGLER,Mapping,1
CARLOS NIETO,Preserving,1
ALFREDO FERN√°NDEZ-VALMAYOR,Hypermedia,1
ALEXANDER BOCKMAYR,Constraints,1
JOS√© BRAVO,Collaborative,1
JAN L. G. DIETZ,Modeling,1
S. TORRES,System,1
ALEXANDER TUZHILIN,Temporal,1
DAVID HAREL,Recursive,1
JEFF RICKEL,Agents,1
CARLOS NIETO,Constraints,1
PATRICK E. O'NEIL,Database,1
YORICK WILKS,Document,1
VALERIA DE ANTONELLIS,Dataid,1
JOS√© LUIS SIERRA,Applications,1
FRANCISCO JOS√© GARC√≠A,Upper,1
RAVINDRA B. KESKAR,Safe,1
PETER VAN EMDE BOAS,Models,1
JACOB STEIN,Implementation,1
OSCAR D√≠AZ,Tool,1
A. GONZ√°LEZ,Limiting,1
SILVIA CLERICI,Uml,1
ROBERTA COCHRANE,Features,1
YASUFUMI TAKAMA,Information,1
JULI√°N GUTI√©RREZ SERRANO,Element,1
HENDRIK PIETER BARENDREGT,Calculus,1
JULI√°N GUTI√©RREZ SERRANO,Guiding,1
P. BERTAINA,Design,1
ANDR√© OOSTERLINCK,Bayesian,1
PARIS C. KANELLAKIS,Object,1
ROLF HENNICKER,Design,1
Q. WU,Integration,1
KSHITIJ SHAH,Multimedia,1
ARTO SALOMAA,Systems,1
DANIELA PETRELLI,Using,1
EYAL YARDENI,Typed,1
VIPUL KASHYAP,Metadata,1
CLARK ELLIOTT,Affective,1
RAVI MUKKAMALA,Transaction,1
JOXAN JAFFAR,Language,1
LILIANA FAVRE,Approach,1
WITOLD STANISZKIS,Physical,1
A. J. FIELD,Unification,1
JULI√°N GUTI√©RREZ SERRANO,Construction,1
P. GIOLITO,Logical,1
PIERO FRATERNALI,Applications,1
WITOLD STANISZKIS,Design,1
VIJAY CHANDRU,Combinatorial,1
RODNEY M. GOODMAN,Theory,1
FELIKS KLUZNIAK,Perspective,1
VISHU KRISHNAMURTHY,The,1
B. CURTO,Laboratory,1
GERHARD WIDMER,Machine,1
ROBERTO ZICARI,Updates,1
MIRA BALABAN,Er,1
JOS√© √ÅNGEL VADILLO ZORITA,Construction,1
ROBERTO ZICARI,Schema,1
HENK BARENDREGT,Language,1
ALFREDO FERN√°NDEZ-VALMAYOR,Design,1
EGON B√∂RGER,Wam,1
PATRICK E. O'NEIL,The,1
NEELAM GUPTA,Flow,1
WILLIAM L. BYNUM,Management,1
MIRA BALABAN,Cardinality,1
ROBERT E. NOONAN,Run,1
KAYLIANG ONG,Mining,1
ARTO SALOMAA,Watson-crick,1
MIGUEL A. REDONDO,Design,1
JUAN C. BURGUILLO-RIAL,Courseware,1
A. MECCHIA,Dbms,1
M. HOWARD WILLIAMS,Database,1
RAVI MURTHY,Your,1
KENJI MASE,Enhancing,1
RICARDO L√≥PEZ PIETRO,Educational,1
DAVID MAIER,Three,1
SANJAY MANCHANDA,Logic-based,1
THOMAS LEMKE,Systems,1
PHILIPPE FUTTERSACK,Architectures,1
LENWOOD S. HEATH,Hashing,1
FERNANDO V√©LEZ,Three,1
TOBIN J. LEHMAN,System,1
F. J. GONZ√°LEZ,Intensity,1
JUAN DE LARA,Distance,1
BALTASAR FERN√°NDEZ-MANJ√≥N,Design,1
LEE A. HOLLAAR,Information,1
RAVI MUKKAMALA,Reduction,1
JOHN LIM,Interfaces,1
MANUEL ALFONSECA,Distance,1
MIGUEL A. REDONDO,Drawing,1
MICHAEL D. SOO,Temporal,1
MANUEL CAEIRO,Scenarios,1
MANUEL CAEIRO,Web-based,1
JOS√© LUIS SIERRA,Hypermedia,1
STEPHANIE FORREST,Algorithms,1
ROBIN MILNER,Concurrent,1
ANDR√© OOSTERLINCK,Heuristic,1
SHMUEL SAGIV,Applications,1
AMIT P. SHETH,Quilt,1
PAUL SUETENS,Pattern-classification,1
KENG SIAU,Modeling,1
DIDIER PLATEAU,Looks,1
MANUEL ALFONSECA,Internet,1
STEVEN P. WARTIK,Algorithms,1
S. TODD,An,1
DAVID C. RICHARDSON,High-grade,1
LEE A. HOLLAAR,Databases,1
PAOLO CIANCARINI,Models:,1
PARIS C. KANELLAKIS,Schemas,1
VINEETH KUMAR PALERI,Code,1
MICHAEL J. MAHER,Language,1
ALEXANDER TUZHILIN,Databases,1
MARIO PIATTINI,Quality,1
M. LACRUZ,Collaborative,1
RICHARD T. SNODGRASS,An,1
HOCK CHUAN CHAN,Interfaces,1
PATRICK E. O'NEIL,Set,1
MART√≠N LLAMAS NISTAL,Collaborative,1
JOS√© LUIS FERN√°NDEZ ALEM√°N,Uml,1
FRANCISCO JOS√© GARC√≠A,Engineering,1
ALEXANDER TUZHILIN,Knowledge-based,1
DIDIER L√©V√äQUE,User,1
F. J. GONZ√°LEZ,System,1
VINEETH KUMAR PALERI,Optimizers,1
F. J. BLANCO,Case,2
P. A. MASSEY,Database,1
RICARDO L√≥PEZ PIETRO,Purposes,1
JOS√© BRAVO,Actions,1
KENJI MASE,Conversations,1
OLIVER JUNG,F„ºr,1
KIM B. BRUCE,Imperative,1
PAUL TARAU,Towards,1
DENNIS MCLEOD,Semantic,1
F√©LIX BUEND√≠A,Via,1
WOLFGANG KLAS,Database,1
VISHU KRISHNAMURTHY,All,1
PARIS C. KANELLAKIS,Programming,1
F√©LIX BUEND√≠A,Courseware,1
BARRON C. HOUSEL,Database,1
ARTO SALOMAA,Dna:,1
F. J. GONZ√°LEZ,Collares,1
NORA KOCH,Applications,1
JUAN DE LARA,Integration,1
MARTIN NUSSBAUMER,F„ºr,1
JAN L. G. DIETZ,"Information,",1
